TM,IM,Load,Main Steam Temperature,feed water temperature,Steam pressure,Flow rate,flue gas temperature,%O2,Running plant load factor,Air to fuel ratio for mill,TM_WA,IM_WA,ASH_WA,VM_WA,FC_WA,GCV_WA,GCV (ARB)_WA,GCV,Boiler Efficiency,Nox,UBC in BA,UBC in FA 
12,3,81.83,535.66,227.66,94.1,3.729196729,130.44,3.5,0.946721311,2.092820903,16.02815599,6.366388328,15.18666226,32.75663329,45.69031613,6049.737727,5443.901282,5924,87.61,198,8.08,7.06
12,3,81.83,535.66,226.83,93.92,3.729663906,128.57,3.58,0.934881603,2.433491128,16.02815599,6.366388328,15.18666226,32.75663329,45.69031613,6049.737727,5443.901282,5941,87.61,198,7.78,5.82
12,5,81.83,535.66,225.2,94.36,3.738824711,128.59,3.55,0.906648452,2.563423629,16.02815599,6.366388328,15.18666226,32.75663329,45.69031613,6049.737727,5443.901282,5703,87.61,198,10.74,8.75
12,6,81.83,535.66,226.15,93.49,3.720849802,132.66,3.5,0.921675774,2.334957816,16.4951106,6.426314375,18.19778337,31.6791525,43.69674975,5773.035189,5176.670962,5049,87.61,198,7.76,5.09
12,6,81.83,535.66,228.69,93.8,3.72812794,132.79,3.5,0.968123862,2.260777262,16.4951106,6.426314375,18.19778337,31.6791525,43.69674975,5773.035189,5176.670962,4878,87.61,198,6.95,5.29
12,6,81.83,535.66,225.35,93.08,3.713429855,129.2,3.44,0.912112933,2.318875647,17.89597445,6.606092517,27.23114672,28.44671014,37.71605062,4942.927576,4374.98,4688,87.61,198,6.34,4.55
12,6,81.83,535.66,229.58,94.1,3.729253593,134.34,3.47,0.982240437,2.149816335,17.89597445,6.606092517,27.23114672,28.44671014,37.71605062,4942.927576,4374.98,4728,87.61,198,6.04,4.38
12,6,81.83,535.66,224.84,93.93,3.78722334,130.34,3.24,0.905282332,2.320385253,17.89597445,6.606092517,27.23114672,28.44671014,37.71605062,4942.927576,4374.98,4674,87.61,198,6.23,4.05
12,6,81.83,535.66,225.06,93.09,3.736391129,133.5,3.32,0.903460838,2.263374941,17.89597445,6.606092517,27.23114672,28.44671014,37.71605062,4942.927576,4374.98,4603,87.61,198,5.66,3.7
12,6,81.83,535.66,224.48,93.09,3.729156139,132.15,3.4,0.901183971,2.131397803,17.89597445,6.606092517,27.23114672,28.44671014,37.71605062,4942.927576,4374.98,4719,87.61,198,5.12,3.56
14,7,81.83,535.66,223.83,93.85,3.718510964,130.86,3.48,0.89298725,2.398369075,17.89597445,6.606092517,27.23114672,28.44671014,37.71605062,4942.927576,4374.98,4857,87.61,198,4.68,3.12
14,7,81.83,535.66,225.16,93.12,3.723541048,130.29,3.36,0.920765027,2.337590402,17.89597445,6.606092517,27.23114672,28.44671014,37.71605062,4942.927576,4374.98,4923,87.61,198,4.49,2.99
14,7,81.83,535.66,220.3,94.26,3.719956498,130.1,3.7,0.837431694,2.72797575,17.89597445,6.606092517,27.23114672,28.44671014,37.71605062,4942.927576,4374.98,4859,87.61,198,3.58,2.34
14,7,81.83,535.66,221.53,94.1,3.72008547,130.38,3.47,0.852459016,2.735522748,17.89597445,6.606092517,27.23114672,28.44671014,37.71605062,4942.927576,4374.98,4921,87.61,198,4.71,2.51
14,7,81.83,535.66,219.76,93.29,3.716401536,128.33,3.49,0.830145719,3.226210192,17.89597445,6.606092517,27.23114672,28.44671014,37.71605062,4942.927576,4374.98,4869,87.61,198,4.46,2.35
14,7,81.83,535.66,221.51,93.98,3.732589048,128.11,3.31,0.856557377,2.486391151,17.89597445,6.606092517,27.23114672,28.44671014,37.71605062,4942.927576,4374.98,4986,87.61,198,3.99,2.48
14,7,81.83,535.66,221.17,93.63,3.720855615,127.5,3.41,0.85154827,2.567855569,17.89597445,6.606092517,27.23114672,28.44671014,37.71605062,4942.927576,4374.98,4826,87.61,198,3.49,2.53
14,7,81.83,535.66,223.54,93.9,3.724049332,127.81,3.34,0.886156648,2.373735692,17.89597445,6.606092517,27.23114672,28.44671014,37.71605062,4942.927576,4374.98,4911,87.61,198,5.04,3.17
14,7,81.83,535.66,224.85,93.95,3.728407389,130.33,3.47,0.912112933,2.415317863,17.89597445,6.606092517,27.23114672,28.44671014,37.71605062,4942.927576,4374.98,4903,87.61,198,5.6,4.35
13,7,81.83,535.66,225.08,93.45,3.727091633,131.46,3.41,0.9143898,2.536034132,17.89597445,6.606092517,27.23114672,28.44671014,37.71605062,4942.927576,4374.98,4896,87.61,198,5.01,4.39
14,7,81.83,535.66,224.06,93.5,3.72483561,130.84,3.48,0.900273224,2.34262213,17.89597445,6.606092517,27.23114672,28.44671014,37.71605062,4942.927576,4374.98,4706,87.61,198,5.11,3.07
16,7,81.83,535.66,224.97,93.53,3.732338308,134.81,2.55,0.915300546,1.60787046,17.89597445,6.606092517,27.23114672,28.44671014,37.71605062,4942.927576,4374.98,4876,87.61,198,5.28,2.91
15,7,81.83,535.66,222.19,93.48,3.732600733,130.09,2.52,0.870218579,2.275989192,17.89597445,6.606092517,27.23114672,28.44671014,37.71605062,4942.927576,4374.98,5065,87.61,198,5.36,2.96
16,7,81.83,535.66,222.36,92.87,3.730507588,130.96,2.49,0.870218579,2.02637203,17.89597445,6.606092517,27.23114672,28.44671014,37.71605062,4942.927576,4374.98,4847,87.61,198,4.3,2.46
15,7,81.83,535.66,133.66,90.75,3.720160481,133.66,2.27,0.908014572,2.465486677,17.89597445,6.606092517,27.23114672,28.44671014,37.71605062,4942.927576,4374.98,5020,87.61,198,4.88,3.34
15,7,81.83,535.66,221.69,91.53,3.805469556,134.33,2.73,0.882513661,2.658980235,17.89597445,6.606092517,27.23114672,28.44671014,37.71605062,4942.927576,4374.98,5020,87.61,198,4.65,3.66
15,7,81.83,535.66,224.21,92.89,3.730342742,134.69,2.59,0.903460838,2.495146563,17.09349211,6.485188368,22.77129843,30.06148554,40.68202767,5356.394395,4779.617834,5374,87.61,198,5.41,3.14
15,7,81.83,535.66,223.64,92.9,3.719004065,133.21,2.48,0.896174863,2.488247549,17.09349211,6.485188368,22.77129843,30.06148554,40.68202767,5356.394395,4779.617834,5374,87.61,198,5.75,4.69
15,7,81.83,535.66,221.46,91.75,3.762334218,132.33,3,0.858378871,2.383989384,17.09349211,6.485188368,22.77129843,30.06148554,40.68202767,5356.394395,4779.617834,5374,87.61,198,6.51,5.23
15,7,81.83,535.66,220.48,92.79,3.727468969,131.09,3.29,0.843806922,2.533575187,17.09349211,6.485188368,22.77129843,30.06148554,40.68202767,5356.394395,4779.617834,5325,87.61,198,5.69,3.94
15,7,84.98,534.7025806,220,93.45,3.721044046,130.07,3.51,0.837431694,2.379041226,17.09349211,6.485188368,22.77129843,30.06148554,40.68202767,5356.394395,4779.617834,5239,87.44,210,4.76,2.93
17,7,84.98,534.7025806,221.35,93.17,3.718832891,128.5,3.61,0.858378871,2.111594795,17.09349211,6.485188368,22.77129843,30.06148554,40.68202767,5356.394395,4779.617834,5433,87.44,210,5.75,4.38
17,7,84.98,534.7025806,227.36,93.84,3.734057629,132.12,3.22,0.964025501,2.137053471,17.09349211,6.485188368,22.77129843,30.06148554,40.68202767,5356.394395,4779.617834,5433,87.44,210,6.51,4.77
17,7,84.98,534.7025806,226.27,93.45,3.722382325,133.98,3.01,0.948087432,3.08791393,17.09349211,6.485188368,22.77129843,30.06148554,40.68202767,5356.394395,4779.617834,5433,87.44,210,7.37,5.85
15,7,84.98,534.7025806,226.65,93.92,3.736842105,130.97,3.31,0.951730419,4.904516344,17.09349211,6.485188368,22.77129843,30.06148554,40.68202767,5356.394395,4779.617834,6053,87.44,210,8.53,6.31
15,7,84.98,534.7025806,223.22,93.94,3.727272727,129.44,3.69,0.896630237,2.803804918,17.09349211,6.485188368,22.77129843,30.06148554,40.68202767,5356.394395,4779.617834,6053,87.44,210,10.38,7.95
16,7,84.98,534.7025806,218.29,92.83,3.74494382,126.85,3.78,0.810564663,2.490366553,17.09349211,6.485188368,22.77129843,30.06148554,40.68202767,5356.394395,4779.617834,5846,87.44,210,10.04,6.67
17,7,84.98,534.7025806,222.33,92.32,3.729025534,127.3,3.4,0.873861566,1.972441609,17.09349211,6.485188368,22.77129843,30.06148554,40.68202767,5356.394395,4779.617834,5433,87.44,210,9.24,6.74
17,7,84.98,534.7025806,223.03,92.82,3.708867248,129.1,3.35,0.888433515,2.037519221,17.09349211,6.485188368,22.77129843,30.06148554,40.68202767,5356.394395,4779.617834,5433,87.44,210,4.93,3.91
17,7,84.98,534.7025806,227.03,93.89,3.717948718,132.83,2.86,0.959016393,2.074237976,17.09349211,6.485188368,22.77129843,30.06148554,40.68202767,5356.394395,4779.617834,5433,87.44,210,5.26,4.43
17,7,84.98,534.7025806,226.73,93.07,3.722540592,132.57,2.97,0.953551913,2.340602413,16.40851565,6.236015683,24.78835938,29.50973307,39.46589186,5203.760233,4680.133848,5342,87.44,210,6.49,5.04
17,7,84.98,534.7025806,227.85,94.13,3.717421766,132.81,4.39,0.974954463,2.042897545,16.40851565,6.236015683,24.78835938,29.50973307,39.46589186,5203.760233,4680.133848,5308,87.44,210,6.42,5.32
17,7,84.98,534.7025806,227.51,94.39,3.721882353,132.9,4.6,0.967668488,1.975464749,16.40851565,6.236015683,24.78835938,29.50973307,39.46589186,5203.760233,4680.133848,5308,87.44,210,6.75,5.51
17,7,84.98,534.7025806,225.03,93.07,3.7513487,132.67,4.42,0.928506375,2.141418459,16.40851565,6.236015683,24.78835938,29.50973307,39.46589186,5203.760233,4680.133848,5308,87.44,210,7.12,5.54
18,7,84.98,534.7025806,226.8,92.74,3.731508165,132.07,3.87,0.948087432,2.025687297,16.40851565,6.236015683,24.78835938,29.50973307,39.46589186,5203.760233,4680.133848,5289,87.44,210,6.87,5.36
18,7,84.98,534.7025806,228.18,93.16,3.720149254,133.98,2.9,0.976320583,1.837435162,16.40851565,6.236015683,24.78835938,29.50973307,39.46589186,5203.760233,4680.133848,5283,87.44,210,6.64,5.54
18,7,84.98,534.7025806,227.95,93.46,3.728971963,134.87,2.64,0.974499089,1.889270821,16.40851565,6.236015683,24.78835938,29.50973307,39.46589186,5203.760233,4680.133848,5283,87.44,210,6.78,5.63
18,7,84.98,534.7025806,227.61,92.74,3.731300619,135.83,2.82,0.95582878,1.853931484,16.40851565,6.236015683,24.78835938,29.50973307,39.46589186,5203.760233,4680.133848,5278,87.44,210,6.38,4.77
18,7,84.98,534.7025806,223.79,89.27,3.812685828,133.65,3.03,0.918943534,2.027001879,16.40851565,6.236015683,24.78835938,29.50973307,39.46589186,5203.760233,4680.133848,5497,87.44,210,7.24,6.27
18,7,84.98,534.7025806,226.73,91.58,3.744130331,137.15,2.52,0.950364299,1.745100112,16.40851565,6.236015683,24.78835938,29.50973307,39.46589186,5203.760233,4680.133848,5269,87.44,210,7.14,5.93
18,7,84.98,534.7025806,223.12,92.92,3.718957588,132.73,2.46,0.891165756,2.064242879,16.40851565,6.236015683,24.78835938,29.50973307,39.46589186,5203.760233,4680.133848,5269,87.44,210,5.62,4.15
18,7,84.98,534.7025806,225.53,92,3.729136164,131.72,2.24,0.933060109,1.963301209,16.40851565,6.236015683,24.78835938,29.50973307,39.46589186,5203.760233,4680.133848,5206,87.44,210,5.68,4.23
19,7,84.98,534.7025806,224.65,91.92,3.739345887,134.38,2.53,0.918943534,1.937180245,16.40851565,6.236015683,24.78835938,29.50973307,39.46589186,5203.760233,4680.133848,5051,87.44,210,5.4,3.8
19,7,84.98,534.7025806,225.69,92.53,3.741872877,134.057,2.73,0.93852459,1.92336295,13.14072535,5.404402939,33.76832564,26.15991138,34.66736004,4485.287987,4091.910174,4908,87.44,210,5.64,4.08
19,7,84.98,534.7025806,223.7,90.33,3.74362895,134.85,3.07,0.893442623,2.069482469,13.14072535,5.404402939,33.76832564,26.15991138,34.66736004,4485.287987,4091.910174,4952,87.44,210,5.84,4.13
19,7,84.98,534.7025806,134.87,89.94,3.733727811,134.87,2.86,0.923497268,2.041118443,13.14072535,5.404402939,33.76832564,26.15991138,34.66736004,4485.287987,4091.910174,5061,87.44,210,5.55,4.31
19,7,84.98,534.7025806,224.95,90.85,3.729300942,134.1,2.89,0.91848816,1.845900483,13.14072535,5.404402939,33.76832564,26.15991138,34.66736004,4485.287987,4091.910174,5106,87.44,210,5.22,3.99
19,7,84.98,534.7025806,221.96,91.52,3.718766336,129.39,3.22,0.871129326,1.855908486,13.14072535,5.404402939,33.76832564,26.15991138,34.66736004,4485.287987,4091.910174,5026,87.44,210,4.51,2.87
19,7,84.98,534.7025806,226.13,92.61,3.71969334,129.95,2.56,0.950364299,1.842391711,13.14072535,5.404402939,33.76832564,26.15991138,34.66736004,4485.287987,4091.910174,5002,87.44,210,4.47,3.38
19,7,84.98,534.7025806,225.87,90.94,3.723804925,132.95,2.53,0.943078324,1.957485401,13.14072535,5.404402939,33.76832564,26.15991138,34.66736004,4485.287987,4091.910174,5100,87.44,210,5.43,3.87
19,7,84.98,534.7025806,226.59,92.62,3.72601432,134.67,2.18,0.954007286,2.04706021,13.14072535,5.404402939,33.76832564,26.15991138,34.66736004,4485.287987,4091.910174,5063,87.44,210,6.06,4.58
19,7,85.01,534.507,226.75,92.97,3.717887726,135.45,1.99,0.9571949,1.901144014,13.14072535,5.404402939,33.76832564,26.15991138,34.66736004,4485.287987,4091.910174,5074,87.6,161,6.07,4.05
20,7,85.01,534.507,224.05,92.38,3.715078164,133.68,2.4,0.903005464,2.031264339,13.14072535,5.404402939,33.76832564,26.15991138,34.66736004,4485.287987,4091.910174,4968,87.6,161,5.06,3.45
19,7,85.01,534.507,223.47,91.84,3.729357798,133.83,2.86,0.893442623,2.136229671,13.14072535,5.404402939,33.76832564,26.15991138,34.66736004,4485.287987,4091.910174,5360,87.6,161,6.11,3.86
19,7,85.01,534.507,224.11,92.01,3.719,129.48,2.69,0.910746812,1.977580805,13.14072535,5.404402939,33.76832564,26.15991138,34.66736004,4485.287987,4091.910174,5171,87.6,161,6.03,4.49
19,7,85.01,534.507,222.84,91.9,3.774640657,128.89,2.59,0.887067395,2.038609813,13.14072535,5.404402939,33.76832564,26.15991138,34.66736004,4485.287987,4091.910174,5181,87.6,161,6.28,5.07
19,7,85.01,534.507,224.75,90.95,3.711111111,131.83,2.31,0.922131148,2.128363671,13.14072535,5.404402939,33.76832564,26.15991138,34.66736004,4485.287987,4091.910174,5074,87.6,161,6.61,5.37
19,7,85.01,534.507,224.35,90.23,3.726321037,132.43,2.56,0.913479053,2.004682261,13.71272517,5.421435012,26.53323744,28.90460567,39.14072187,5142.334044,4662.931,5102,87.6,161,7.17,5.81
19,7,85.01,534.507,225.98,91.46,3.728065923,131.79,2.2,0.939435337,1.942090655,13.71272517,5.421435012,26.53323744,28.90460567,39.14072187,5142.334044,4662.931,5102,87.6,161,6.04,4.6
18,7,85.01,534.507,225.14,91.22,3.743956586,133.1,2.34,0.923041894,2.27545074,13.14343077,5.020628551,26.65259872,29.14055734,39.18621539,5185.210221,4716.6362,5294,87.6,161,6.31,4.7
18,6,85.01,534.507,225.91,92.69,3.736791081,134.1,2.55,0.939435337,1.928773835,13.14343077,5.020628551,26.65259872,29.14055734,39.18621539,5185.210221,4716.6362,5336,87.6,161,6.01,4.08
18,6,85.01,534.507,226.92,93.4,3.721249408,129.92,2.14,0.962204007,2.110787954,13.14343077,5.020628551,26.65259872,29.14055734,39.18621539,5185.210221,4716.6362,5212,87.6,161,6.32,4.75
16,6,85.01,534.507,226.56,92.75,3.735181644,131.65,2.22,0.952641166,2.07549808,13.14343077,5.020628551,26.65259872,29.14055734,39.18621539,5185.210221,4716.6362,5139,87.6,161,5.81,4.55
15,5,85.01,534.507,226.84,92.63,3.731846227,131.71,2.18,0.959471767,1.898009055,12.2874601,4.707249651,32.16843583,27.25900037,35.86531415,4724.582812,4328.649479,4797,87.6,161,5.41,4.07
15,5,85.01,534.507,226.1,93.11,3.733140655,131.13,2.34,0.945355191,2.195048895,12.2874601,4.707249651,32.16843583,27.25900037,35.86531415,4724.582812,4328.649479,4797,87.6,161,5.35,3.9
15,5,85.01,534.507,223.92,94.11,3.723467862,132.65,2.41,0.913934426,2.897817015,12.2874601,4.707249651,32.16843583,27.25900037,35.86531415,4724.582812,4328.649479,4946,87.6,161,5.32,3
16,5,85.01,534.507,225.94,94.04,3.723988439,132.49,2.29,0.945355191,2.165514736,12.2874601,4.707249651,32.16843583,27.25900037,35.86531415,4724.582812,4328.649479,4734,87.6,161,5.54,3.28
16,6,85.01,534.507,222.49,93.74,3.708653354,132.22,2.77,0.889344262,2.62908606,12.2874601,4.707249651,32.16843583,27.25900037,35.86531415,4724.582812,4328.649479,4818,87.6,161,4.9,3.13
16,6,85.01,534.507,225.29,94.13,3.721438989,133.71,2.29,0.936703097,2.134265482,12.2874601,4.707249651,32.16843583,27.25900037,35.86531415,4724.582812,4328.649479,4808,87.6,161,5.29,2.35
16,5,85.01,534.507,224.01,94.03,3.716708229,130.03,2.37,0.913023679,2.36378277,12.2874601,4.707249651,32.16843583,27.25900037,35.86531415,4724.582812,4328.649479,5079,87.6,161,5.41,3.19
16,6,85.01,534.507,225.04,94.27,3.718399219,131.91,2.13,0.933060109,2.385462115,12.2874601,4.707249651,32.16843583,27.25900037,35.86531415,4724.582812,4328.649479,4835,87.6,161,5.51,3.16
17,6,85.01,534.507,223.73,94.79,3.722861431,131.52,2.28,0.910291439,2.335091674,12.2874601,4.707249651,32.16843583,27.25900037,35.86531415,4724.582812,4328.649479,4784,87.6,161,5.03,3.49
16,5,85.01,534.507,224.39,92.25,3.742885671,133.94,2.11,0.912112933,2.767469723,12.2874601,4.707249651,32.16843583,27.25900037,35.86531415,4724.582812,4328.649479,5048,87.6,161,5.46,3.77
16,6,85.01,534.507,225.89,93.37,3.72173913,135.08,2.04,0.942622951,2.795493362,12.2874601,4.707249651,32.16843583,27.25900037,35.86531415,4724.582812,4328.649479,4904,87.6,161,5.2,3.18
16,6,85.01,534.507,224.28,93.46,3.740149626,133.94,2.35,0.913023679,3.216625732,12.2874601,4.707249651,32.16843583,27.25900037,35.86531415,4724.582812,4328.649479,4893,87.6,161,4.56,2.8
16,6,85.01,534.507,225.86,94.59,3.72625969,132.13,2.13,0.93989071,2.779713529,12.2874601,4.707249651,32.16843583,27.25900037,35.86531415,4724.582812,4328.649479,4851,87.6,161,4.98,3.39
16,6,85.01,534.507,132.64,93.22,3.731884058,132.64,1.9,0.942622951,2.431282932,12.2874601,4.707249651,32.16843583,27.25900037,35.86531415,4724.582812,4328.649479,4892,87.6,161,4.86,3.29
16,6,85.01,534.507,227.48,93.48,3.756211908,132.66,1.51,0.971311475,2.595939235,12.28813645,4.611306054,30.3895041,28.00416185,36.99502799,4899.56337,4484.830986,4991,87.6,161,5.56,3.87
16,6,85.01,534.507,226.57,94.39,3.720517737,131.7,1.86,0.949908925,2.714214472,12.28813645,4.611306054,30.3895041,28.00416185,36.99502799,4899.56337,4484.830986,4944,87.6,161,5.01,3.42
16,5,85.01,534.507,227.23,93.57,3.731406916,134.5,1.85,0.96129326,2.748879261,12.28813645,4.611306054,30.3895041,28.00416185,36.99502799,4899.56337,4484.830986,5047,87.6,161,5.21,2.98
16,6,85.01,534.507,223.24,93.81,3.781580272,133.67,1.99,0.904826958,2.742837518,12.28813645,4.611306054,30.3895041,28.00416185,36.99502799,4899.56337,4484.830986,5094,87.6,161,5.33,3.1
15,6,76.21,533.999,225.68,93.76,3.737911025,133.39,2.11,0.941712204,2.597622124,12.28813645,4.611306054,30.3895041,28.00416185,36.99502799,4899.56337,4484.830986,5931,88.32,108,4.62,3.16
15,6,76.21,533.999,222.76,93.91,3.741121976,131.15,2.58,0.884790528,2.558958032,13.71543058,5.037660624,19.41751053,31.88525163,43.65957722,5842.256278,5287.657026,5931,88.32,108,5.53,4.06
16,6,76.21,533.999,223.11,94.75,3.732789393,129.75,2.57,0.89298725,2.55291791,13.71543058,5.037660624,19.41751053,31.88525163,43.65957722,5842.256278,5287.657026,5890,88.32,108,5.6,4.25
16,6,76.21,533.999,222.23,94.6,3.724352332,130.81,2.78,0.878870674,2.881732052,13.71543058,5.037660624,19.41751053,31.88525163,43.65957722,5842.256278,5287.657026,5888,88.32,108,5.9,4.08
15,6,76.21,533.999,218.95,93.82,3.723986857,127.83,2.98,0.83151184,2.483058498,13.14478347,4.828741357,23.09473527,30.63088031,41.44564306,5535.171338,5028.999213,5683,88.32,108,5.46,3.55
15,5,76.21,533.999,222.25,94.39,3.73626943,129.74,2.8,0.878870674,2.559775885,13.14478347,4.828741357,23.09473527,30.63088031,41.44564306,5535.171338,5028.999213,5657,88.32,108,5.78,3.88
15,5,76.21,533.999,222.59,94.01,3.738817481,128.83,2.81,0.885701275,2.586451056,13.14478347,4.828741357,23.09473527,30.63088031,41.44564306,5535.171338,5028.999213,5657,88.32,108,5.9,4.02
15,5,76.21,533.999,222.96,93.59,3.719487179,128.91,2.55,0.887978142,2.215007289,13.14478347,4.828741357,23.09473527,30.63088031,41.44564306,5535.171338,5028.999213,5657,88.32,108,5.53,4.08
16,5,76.21,533.999,224.16,94.75,3.71028971,129.85,2.74,0.911657559,2.662602598,13.14478347,4.828741357,23.09473527,30.63088031,41.44564306,5535.171338,5028.999213,5939,88.32,108,5.56,3.8
15,5,76.21,533.999,220.77,93.77,3.734672304,128.51,3.23,0.861566485,2.81458471,13.97214783,5.007235671,15.95403107,33.09550383,45.94322943,6158.351773,5561.500593,6216,88.32,108,5.88,4.45
14,5,76.21,533.999,221.01,93.96,3.732912723,125.85,3.09,0.866120219,2.698858114,12.71642835,4.049858792,16.80901219,32.9190274,46.22210162,6194.393993,5622.243605,6515,88.32,108,8.02,7.3
15,5,76.21,533.999,223.52,94.45,3.721410579,128.65,2.72,0.903916211,3.032095413,11.94627662,4.141133651,27.19945056,29.28827078,39.371145,5246.107509,4800.712905,5840,88.32,108,7.25,5.6
15,5,76.21,533.999,222.9,94.17,3.72264631,129.93,2.85,0.894808743,2.998424328,11.94627662,4.141133651,27.19945056,29.28827078,39.371145,5246.107509,4800.712905,5483,88.32,108,6.12,3.84
15,5,76.21,533.999,222.5,93.94,3.747557841,129.031,2.84,0.885701275,2.693789168,11.94627662,4.141133651,27.19945056,29.28827078,39.371145,5246.107509,4800.712905,5483,88.32,108,5.59,3.55
15,5,76.21,533.999,221.53,91.82,3.743562796,127.57,2.9,0.866575592,2.807067194,11.94627662,4.141133651,27.19945056,29.28827078,39.371145,5246.107509,4800.712905,5483,88.32,108,5.32,3.45
15,5,76.21,533.999,220.81,92.35,3.734110169,129.62,3.03,0.859744991,2.814579947,11.94627662,4.141133651,27.19945056,29.28827078,39.371145,5246.107509,4800.712905,5482,88.32,108,5.61,3.47
15,5,76.21,533.999,221.16,93.44,3.72736787,131.5,3.04,0.870218579,2.564671341,11.81724165,4.252289724,30.71012202,27.93798319,37.09960506,4913.079203,4507.609615,5251,88.32,108,5.83,2.99
15,5,76.21,533.999,220.14,93.33,3.719232818,129.35,3.01,0.854735883,2.981014679,11.81724165,4.252289724,30.71012202,27.93798319,37.09960506,4913.079203,4507.609615,5147,88.32,108,5.97,3.44
15,5,76.21,533.999,220.74,93.82,3.728947368,129.06,2.62,0.865209472,2.979124792,11.81724165,4.252289724,30.71012202,27.93798319,37.09960506,4913.079203,4507.609615,5063,88.32,108,4.83,3.25
15,5,76.21,533.999,220.7,94.13,3.721372032,132,2.93,0.862932605,2.66369046,11.81724165,4.252289724,30.71012202,27.93798319,37.09960506,4913.079203,4507.609615,5076,88.32,108,5,2.73
15,5,76.21,533.999,221.11,93.56,3.714135575,130.98,2.88,0.866575592,2.597268315,12.9607964,4.634110641,33.41119028,30.92282442,41.03187466,5444.463078,4995.384795,5038,88.32,108,5.52,3.14
15,5,76.21,533.999,220.25,93.71,3.723052295,130.98,3.04,0.853369763,2.832097269,12.9607964,4.634110641,33.41119028,30.92282442,41.03187466,5444.463078,4995.384795,5094,88.32,108,5.32,3.28
15,5,76.21,533.999,222.02,94.01,3.718944099,128.43,2.86,0.879781421,3.155194921,12.9607964,4.634110641,33.41119028,30.92282442,41.03187466,5444.463078,4995.384795,5104,88.32,108,4.53,2.87
15,5,76.21,533.999,221.33,93.22,3.726987448,128.69,2.96,0.870673953,2.751046913,12.9607964,4.634110641,33.41119028,30.92282442,41.03187466,5444.463078,4995.384795,5016,88.32,108,5.09,3.01
15,5,76.21,533.999,223.15,94.72,3.715078164,128.29,2.69,0.903005464,2.459533959,12.9607964,4.634110641,33.41119028,30.92282442,41.03187466,5444.463078,4995.384795,4971,88.32,108,3.47,3.14
15,5,76.21,533.999,221.48,94.32,3.708506224,128.59,2.99,0.877959927,3.115147845,11.43284214,4.201983557,34.12640948,26.86776637,34.80384059,4613.916519,4253.025772,4891,88.32,108,4.27,2.92
15,5,76.21,533.999,221.99,92.62,3.720250522,128.42,2.78,0.872495446,2.810236067,11.43284214,4.201983557,34.12640948,26.86776637,34.80384059,4613.916519,4253.025772,4898,88.32,108,4.48,2.43
#DIV/0!,#DIV/0!,76.21,533.999,,,,,,0,,11.43284214,4.201983557,34.12640948,26.86776637,34.80384059,4613.916519,4253.025772,#DIV/0!,88.32,108,,
15,5,76.21,533.999,,,,124,2.79,0.269581056,,11.43284214,4.201983557,34.12640948,26.86776637,34.80384059,4613.916519,4253.025772,4818,88.32,108,,
15,5,76.21,533.999,224.99,94.11,3.723800196,134.13,2.55,0.929872495,2.829059749,11.43284214,4.201983557,34.12640948,26.86776637,34.80384059,4613.916519,4253.025772,4898,88.32,108,3.26,2.14
15,4,76.21,533.999,225.11,93.55,3.707782673,134.85,2.48,0.930327869,2.453097088,11.43284214,4.201983557,34.12640948,26.86776637,34.80384059,4613.916519,4253.025772,4856,88.32,108,4.26,2.57
14,4,79.85,533.09,224.11,93.98,3.722551929,133.9,2.55,0.920765027,3.294009365,11.43284214,4.201983557,34.12640948,26.86776637,34.80384059,4613.916519,4253.025772,5317,87.9,139,3.94,2.58
14,4,79.85,533.09,223.29,92.91,3.705941591,129.88,2.87,0.904371585,2.625651174,12.89526301,5.351336397,24.66410474,29.70447462,40.28008424,5331.459983,4889.741094,5444,87.9,139,4.61,3.22
14,4,79.85,533.09,223.29,93.02,3.702620968,131.27,2.8,0.903460838,2.648879413,12.89526301,5.351336397,24.66410474,29.70447462,40.28008424,5331.459983,4889.741094,5444,87.9,139,5.21,3.53
13,4,79.85,533.09,223.45,94.22,3.708291203,131.5,2.73,0.900728597,2.789299751,12.95865124,4.132304596,12.76295637,34.43657699,48.66816205,6554.65248,5944.708367,6587,87.9,139,5.25,3.27
13,4,79.85,533.09,224.32,93.38,3.71039604,128.44,2.67,0.919854281,2.986542524,12.9744983,3.827546645,9.787669272,35.61960258,50.7651815,6860.450605,6208.450185,6815,87.9,139,7.3,5.55
13,4,79.85,533.09,224.16,93.64,3.722166998,128.11,2.11,0.916211293,3.070345064,13.11445787,3.872280601,9.889321325,35.96459577,51.2738023,6927.700486,6268.993909,6815,87.9,139,12.58,10.46
13,4,79.85,533.09,223.83,93.52,3.764882441,127.41,2.95,0.910291439,2.908282162,13.25441743,3.917014557,9.990973377,36.30958897,51.78242309,6994.950367,6329.537633,6815,87.9,139,15.5,13.95
13,4,79.85,533.09,220.61,93.16,3.7176781,127.49,3.35,0.862932605,2.520627011,13.394377,3.961748514,10.09262543,36.65458216,52.29104389,7062.200248,6390.081357,6815,87.9,139,18.48,17.17
13,4,79.85,533.09,222.71,93.31,3.704859335,126.71,2.9,0.890255009,2.7240032,13.53433656,4.00648247,10.19427748,36.99957536,52.79966469,7129.450129,6450.625081,6815,87.9,139,17.17,14.89
13,4,79.85,533.09,220.55,93.19,3.720533333,130.01,3.74,0.853825137,3.200850706,13.67429612,4.051216426,10.29592954,37.34456855,53.30828548,7196.700011,6511.168805,6815,87.9,139,16.6,15.12
13,4,79.85,533.09,220.76,93.66,3.717241379,126.7,3.64,0.858378871,3.018557313,13.81425569,4.095950382,10.39758159,37.68956175,53.81690628,7263.949892,6571.712529,6815,87.9,139,14.96,12.93
14,5,79.85,533.09,221.37,94.42,3.720250522,126.71,3.4,0.872495446,2.867165318,13.95421525,4.140684338,10.49923364,38.03455494,54.32552708,7331.199773,6632.256253,6651,87.9,139,14.16,11.82
15,5,79.85,533.09,221.17,93.3,3.712493466,124.59,3.52,0.871129326,2.696259769,14.76493406,5.37651411,12.60612916,33.42659167,48.59076506,6396.663604,5752.666199,6365,87.9,139,12.95,10.81
15,5,79.85,533.09,221.52,94.02,3.707836015,124.14,3.3,0.877504554,2.74631612,14.51937206,5.281935692,12.72308806,32.81197663,49.18299961,6400.665776,5767.465707,6409,87.9,139,14.02,11.29
15,5,79.85,533.09,220.3,93.77,3.710106383,122.82,3.77,0.856102004,2.868647028,14.51937206,5.281935692,12.72308806,32.81197663,49.18299961,6400.665776,5767.465707,6409,87.9,139,14.57,13.26
15,5,79.85,533.09,220.8,93.36,3.719112988,122.07,3.78,0.862477231,2.777015882,14.51937206,5.281935692,12.72308806,32.81197663,49.18299961,6400.665776,5767.465707,6409,87.9,139,11.62,9.45
15,5,79.85,533.09,220.21,93.08,3.709470305,123.34,3.66,0.851092896,3.008954883,15.76716801,6.391691546,13.35575049,32.39694027,47.85561769,6211.724493,5574.851786,6229,87.9,139,13.2,11.08
15,5,79.85,533.09,221.26,93.95,3.702773417,125.7,3.54,0.870218579,3.590429364,14.25940125,7.14319026,32.16932681,25.10025074,35.5872322,4417.483245,4060.736766,6196,87.9,139,10.97,7.98
15,5,79.85,533.09,222.35,93.72,3.735309147,124.61,3.27,0.891165756,3.076193803,14.25940125,7.14319026,32.16932681,25.10025074,35.5872322,4417.483245,4060.736766,6196,87.9,139,10.86,10.59
16,4,79.85,533.09,217.87,93.31,3.78429263,120.45,3.79,0.846539162,2.933979569,14.25940125,7.14319026,32.16932681,25.10025074,35.5872322,4417.483245,4060.736766,5889,87.9,139,9.66,7.14
16,4,79.85,533.09,219.69,93.9,3.707907477,120.29,4.01,0.846539162,2.919946255,14.58917818,7.077776529,28.98029443,26.32739544,37.6145336,4714.270814,4309.292831,5862,87.9,139,8.16,5.95
16,4,79.85,533.09,221.36,93.8,3.699844479,118.95,3.65,0.878415301,2.919703517,14.58917818,7.077776529,28.98029443,26.32739544,37.6145336,4714.270814,4309.292831,5915,87.9,139,8.95,7.21
16,4,79.85,533.09,220.77,93.66,3.699947451,120.166,3.55,0.866575592,2.691153326,14.68131663,6.765405406,24.42057741,27.53143789,41.28257929,5167.959617,4704.519313,6019,87.9,139,8.96,7.33
16,4,79.85,533.09,219.86,93.43,3.71627409,119.3,3.69,0.850637523,2.762598684,14.68131663,6.765405406,24.42057741,27.53143789,41.28257929,5167.959617,4704.519313,6019,87.9,139,10.41,8.61
16,4,79.85,533.09,221.06,93.4,3.701781971,119.93,3.35,0.868852459,3.287619834,14.02176278,6.896232867,30.79864216,25.07714849,37.22797649,4574.384479,4207.407183,6365,87.9,139,10.19,8.08
15,5,79.85,533.09,223.32,93.89,3.708625878,121.9,3.27,0.908014572,3.393008281,14.02176278,6.896232867,30.79864216,25.07714849,37.22797649,4574.384479,4207.407183,6475,87.9,139,14.66,13.21
16,4,79.85,533.09,221.295,93.51,3.825387366,121.13,3.57,0.764116576,3.121264276,14.02176278,6.896232867,30.79864216,25.07714849,37.22797649,4574.384479,4207.407183,5990,87.9,139,13.22,11.36
16,4,79.85,533.09,221.48,93,3.710099424,123.5,3.3,0.870218579,3.055782725,14.68131663,6.765405406,24.42057741,27.53143789,41.28257929,5167.959617,4704.519313,5832,87.9,139,11.82,9.72
16,4,79.85,533.09,221.58,93.12,3.720542231,125.24,3.31,0.873406193,3.242793239,14.68131663,6.765405406,24.42057741,27.53143789,41.28257929,5167.959617,4704.519313,5623,87.9,139,9.58,7.25
16,4,79.85,533.09,220.67,93.2,3.716931217,125.19,3.55,0.860655738,3.246575691,14.68131663,6.765405406,24.42057741,27.53143789,41.28257929,5167.959617,4704.519313,5594,87.9,139,8.59,6.53
16,4,80.33,534.0422581,221.28,93.12,3.709157128,124.58,3.36,0.875227687,3.337126018,15.01109356,6.699991675,21.23154504,28.75858259,43.3098807,5464.747186,4953.075379,5594,86.5,152,8.54,6.23
15,4,80.33,534.0422581,218,93.11,3.716721672,124.43,3.89,0.827868852,3.302495076,14.68131663,6.765405406,24.42057741,27.53143789,41.28257929,5167.959617,4704.519313,5463,86.5,152,8.27,6.11
15,4,80.33,534.0422581,220.95,93.79,3.710553814,125.23,3.36,0.871584699,3.144375592,14.68131663,6.765405406,24.42057741,27.53143789,41.28257929,5167.959617,4704.519313,5463,86.5,152,8.4,6.39
15,4,80.33,534.0422581,224.76,93.89,3.705476073,123.53,3.14,0.923041894,3.079055823,13.72513941,6.098376478,24.87466309,27.07173501,40.95522542,5124.137179,4683.458547,5418,86.5,152,7.25,6.11
15,4,80.33,534.0422581,218.26,94.62,3.713105727,123.19,3.79,0.826958106,3.090051905,13.42559716,5.808028527,25.27555853,27.35496146,41.56145149,5204.001838,4765.262326,5404,86.5,152,7.68,5.38
15,4,80.33,534.0422581,220.3,94.01,3.711855396,125.66,3.55,0.856557377,3.115857357,13.42559716,5.808028527,25.27555853,27.35496146,41.56145149,5204.001838,4765.262326,5404,86.5,152,8.65,6.86
15,4,80.33,534.0422581,222.13,93.16,3.698658411,125.56,3.22,0.882513661,2.917587008,13.07651035,5.931438197,27.64770327,25.57185576,39.84900278,4895.315194,4505.564754,5196,86.5,152,8.44,6.94
15,4,80.33,534.0422581,218.51,94.06,3.718393923,124.83,3.69,0.839253188,3.038767625,13.02105913,6.034425694,28.86120989,24.97572251,39.12864191,4773.796379,4403.027928,5128,86.5,152,8.1,6.5
15,4,80.33,534.0422581,221.03,94.3,3.709392839,127.43,3.41,0.877504554,3.10865852,13.15626458,6.170587035,29.85544807,24.96580803,39.00815687,4749.306823,4384.449107,5046,86.5,152,8.66,5.98
15,4,80.33,534.0422581,219.92,92.84,3.696777602,123.88,3.62,0.862021858,3.046482491,13.16943514,6.225089019,29.80932199,24.89505713,37.07053186,4579.424642,4219.228067,4985,86.5,152,8.87,5.22
14,4,80.33,534.0422581,214.6,89.25,3.813953488,122.63,3.9,0.646174863,2.860713971,13.00309495,5.570386179,24.24984364,26.65111372,41.52865647,5163.642816,4732.177128,5466,86.5,152,5.85,4.29
14,4,80.33,534.0422581,222.25,93.18,3.709710219,121.31,3.14,0.89571949,2.881143669,13.55492153,5.562080715,20.8201683,28.46888909,44.14886189,5556.558589,5063.172622,5774,86.5,152,7.11,4.63
15,4,80.33,534.0422581,216.36,92.88,3.704678363,118.95,3.5,0.778688525,3.222264877,14.53226946,6.515855727,21.92337291,27.78174379,42.77902757,5344.145316,4857.774448,5692,86.5,152,7.44,5.48
15,4,80.33,534.0422581,220.6,92.95,3.706126687,123.78,3.48,0.87704918,3.046348223,14.338281,6.436696889,22.33180877,27.40435948,42.82713487,5317.869539,4841.875795,5668,86.5,152,5.69,4.53
15,4,80.33,534.0422581,222.02,93.43,3.703307888,121.5,3.4,0.894808743,3.146676989,14.60856663,6.485741148,21.45537658,28.121908,43.93697428,5473.254636,4975.467763,5748,86.5,152,7.27,5.23
15,4,80.33,534.0422581,221.65,93.87,3.706940874,121.29,3.34,0.885701275,3.057847049,14.60856663,6.485741148,21.45537658,28.121908,43.93697428,5473.254636,4975.467763,5748,86.5,152,7.02,5.09
15,4,80.33,534.0422581,221.05,93.97,3.707532468,122.88,3.5,0.876593807,2.998410574,14.60856663,6.485741148,21.45537658,28.121908,43.93697428,5473.254636,4975.467763,5748,86.5,152,7.46,6.234
15,4,80.33,534.0422581,222.54,93.82,3.708565636,120.36,3.41,0.89845173,2.619063913,14.99783485,6.305869427,15.95374402,29.85864888,46.88173767,5911.444678,5338.987925,6182,86.5,152,9.51,8.04
15,4,80.33,534.0422581,221.4,94.46,3.722828913,120.34,3.73,0.87568306,2.785713301,15.26812048,6.354913686,15.07731183,30.5761974,47.99157708,6066.829774,5472.579894,6280,86.5,152,11.36,8.79
15,4,80.33,534.0422581,221.01,93.63,3.715328467,120.43,3.77,0.873406193,2.798352018,15.5978974,6.289499956,11.88827946,31.8033421,50.01887849,6363.617344,5721.135959,6595,86.5,152,15.66,13.95
15,4,80.33,534.0422581,220.78,94.63,3.786902287,122.83,3.57,0.876138434,3.076586565,15.19570101,6.266621189,14.0403246,30.5949357,48.09811851,6089.517219,5488.121564,6409,86.5,152,15,13.88
15,5,80.33,534.0422581,221.84,95,3.715967247,123.71,3.63,0.889799636,3.084778749,14.07282949,6.041040158,18.51405133,27.9447418,42.50016671,5380.344724,4873.498816,6131,86.5,152,15.74,12.48
15,5,80.33,534.0422581,222.38,94.49,3.709807887,119.65,3.43,0.900728597,2.641680075,13.43352069,5.655649552,23.78791498,27.94647425,42.60996121,5356.9009,4897.133235,5866,86.5,152,14.22,11.42
14,4,80.33,534.0422581,223.27,95.14,3.718562874,124,3.35,0.912568306,2.871190398,13.37540645,5.154231653,18.73058441,29.64102084,44.4741631,5708.476399,5186.193089,6102,86.5,152,12.01,10.01
15,5,80.33,534.0422581,222.05,94.74,3.714285714,123.16,3.65,0.898907104,2.7933613,13.43352069,5.655649552,23.78791498,27.94647425,42.60996121,5356.9009,4897.133235,5866,86.5,152,12.41,8.78
14,4,80.33,534.0422581,224.89,95.15,3.721359223,122.4,3.19,0.938069217,2.656925808,13.01854023,5.221142576,20.66558113,28.16460321,42.94867309,5448.645545,4968.51351,6008,86.5,152,11.59,8.07
14,5,80.33,534.0422581,224.15,95.21,3.716879293,125.13,3.16,0.928051002,3.023936084,12.64209056,5.394178514,24.92833866,26.45304388,43.22443895,5307.388236,4887.879904,5823,86.5,152,11.46,8.94
14,5,80.33,534.0422581,225.44,95.02,3.736231884,126.65,3.08,0.942622951,2.794343125,12.49262276,5.532299328,26.61185886,25.39823533,41.45760648,5056.65948,4669.091089,5642,86.5,152,11.76,9.31
14,5,80.33,534.0422581,225.39,94.05,3.722786647,126.73,2.86,0.941256831,2.774522138,12.6262435,5.698936464,27.90362575,25.27001829,41.1274195,5001.590111,4624.138085,5602,86.5,152,10.97,8.81
14,5,80.33,534.0422581,221.26,94.17,3.705095214,124.07,3.66,0.884790528,2.746327738,12.6262435,5.698936464,27.90362575,25.27001829,41.1274195,5001.590111,4624.138085,5602,86.5,152,9.77,7.2
14,5,80.33,534.0422581,222.41,93.85,3.700505051,119.62,3.53,0.901639344,2.920320673,12.6262435,5.698936464,27.90362575,25.27001829,41.1274195,5001.590111,4624.138085,5602,86.5,152,7.45,5.86
14,5,83.21,534.4019355,224.32,94.16,3.69599218,122.29,3.2,0.931693989,2.27699579,12.6262435,5.698936464,27.90362575,25.27001829,41.1274195,5001.590111,4624.138085,5702,86.71,210,8.67,6.84
14,4,83.21,534.4019355,222.48,94.26,3.742971888,121.66,3.4,0.907103825,2.903348973,12.73749949,5.45259983,25.2646327,26.93555878,42.3472087,5274.62756,4853.654221,5617,86.71,210,10.04,8.13
11,3,83.21,534.4019355,220.69,95.12,3.703451883,121.49,3.86,0.870673953,2.632035993,12.32593736,5.626622262,28.81013162,25.005818,40.55742812,4944.073104,4585.285737,5180,86.71,210,9.98,8.6
10,3,83.21,534.4019355,221.31,94.05,3.715544041,123.91,3.48,0.878870674,3.129736112,12.32593736,5.626622262,28.81013162,25.005818,40.55742812,4944.073104,4585.285737,5132,86.71,210,7.94,5.88
10,3,83.21,534.4019355,221.47,94.72,3.706914345,122.57,3.28,0.882513661,2.812598669,11.93814582,5.343507768,27.89269991,24.85061561,41.91317671,5072.215834,4712.52998,5232,86.71,210,7.54,5.46
10,3,83.21,534.4019355,221.01,93.63,3.839106145,121.3,3.56,0.815118397,2.641500075,11.93814582,5.343507768,27.89269991,24.85061561,41.91317671,5072.215834,4712.52998,5232,86.71,210,8.73,6.96
10,3,83.21,534.4019355,221.72,94.52,3.714946071,122.33,3.34,0.886612022,2.557423403,11.93814582,5.343507768,27.89269991,24.85061561,41.91317671,5072.215834,4712.52998,5232,86.71,210,8.83,6.93
10,3,83.21,534.4019355,222.76,94.48,3.700201207,119.66,3.47,0.905282332,2.553156694,12.34970795,5.169485336,24.34720098,26.78035639,43.7029573,5402.77029,4980.898464,5447,86.71,210,9.37,7.61
10,3,83.21,534.4019355,221.56,94.74,3.704138988,118.34,3.8,0.891165756,2.560965117,11.54243075,5.212772249,28.46291175,24.10390043,42.22041558,5047.459502,4707.903315,5210,86.71,210,9.66,8.42
10,3,83.21,534.4019355,221.74,94.3,3.698007154,117.48,3.48,0.891165756,2.333018866,11.54243075,5.212772249,28.46291175,24.10390043,42.22041558,5047.459502,4707.903315,5210,86.71,210,8.33,6.38
10,3,83.21,534.4019355,221.85,93.82,3.704649974,117.01,3.07,0.891165756,2.282188091,11.54243075,5.212772249,28.46291175,24.10390043,42.22041558,5047.459502,4707.903315,5210,86.71,210,8.96,6.27
11,3,83.21,534.4019355,226.8,94.84,3.713076199,123.37,2.66,0.968123862,2.374912264,11.54243075,5.212772249,28.46291175,24.10390043,42.22041558,5047.459502,4707.903315,5286,86.71,210,7.8,7.64
13,3,83.21,534.4019355,226.27,95,3.710826211,123.99,2.89,0.959016393,2.348494018,11.54243075,5.212772249,28.46291175,24.10390043,42.22041558,5047.459502,4707.903315,5439,86.71,210,8.54,7.77
13,3,83.21,534.4019355,222.51,94.35,3.708312343,120.84,3.31,0.903916211,2.851806196,11.54243075,5.212772249,28.46291175,24.10390043,42.22041558,5047.459502,4707.903315,5576,86.71,210,11.91,8.06
13,3,83.21,534.4019355,222.59,94.56,3.700550826,118.39,3.12,0.909380692,2.205929671,11.54243075,5.212772249,28.46291175,24.10390043,42.22041558,5047.459502,4707.903315,5698,86.71,210,9.62,8.01
13,3,83.21,534.4019355,224.58,94.73,3.711250604,119.51,3.01,0.943078324,2.141341064,11.54243075,5.212772249,28.46291175,24.10390043,42.22041558,5047.459502,4707.903315,5439,86.71,210,9.73,6.07
12,3,83.21,534.4019355,223.57,93.77,3.700636943,119.56,3.23,0.929417122,2.239810241,10.56099346,4.967577241,29.81269741,22.64496278,42.57476257,4976.10921,4692.976669,5364,86.71,210,8,6.17
12,3,83.21,534.4019355,220.68,93.65,3.764915859,119.91,3.32,0.89298725,2.874052285,10.56099346,4.967577241,29.81269741,22.64496278,42.57476257,4976.10921,4692.976669,5364,86.71,210,8.08,6.71
